player_name,team,position,caps,club,group
Matěj Kovář,Czech Republic,GK,20,,Group A
David Zima,Czech Republic,DEF,25,,Group A
Tomáš Holeš,Czech Republic,DEF,41,,Group A
Robin Hranáč,Czech Republic,DEF,14,,Group A
Vladimír Coufal,Czech Republic,DEF,62,,Group A
Štěpán Chaloupek,Czech Republic,DEF,5,,Group A
Ladislav Krejčí,Czech Republic,DEF,27,,Group A
Vladimír Darida,Czech Republic,MID,79,,Group A
Adam Hložek,Czech Republic,FWD,43,,Group A
Patrik Schick,Czech Republic,FWD,53,,Group A
Jan Kuchta,Czech Republic,FWD,31,,Group A
Lukáš Červ,Czech Republic,MID,17,,Group A
Mojmír Chytil,Czech Republic,FWD,22,,Group A
David Jurásek,Czech Republic,DEF,18,,Group A
Pavel Šulc,Czech Republic,FWD,21,,Group A
Jindřich Staněk,Czech Republic,GK,14,,Group A
Lukáš Provod,Czech Republic,MID,38,,Group A
Michal Sadílek,Czech Republic,MID,35,,Group A
Tomáš Chorý,Czech Republic,FWD,22,,Group A
Jaroslav Zelený,Czech Republic,DEF,23,,Group A
David Douděra,Czech Republic,DEF,17,,Group A
Tomáš Souček,Czech Republic,MID,90,,Group A
Lukáš Horníček,Czech Republic,GK,1,,Group A
Alexandr Sojka,Czech Republic,MID,2,,Group A
Hugo Sochůrek,Czech Republic,MID,1,,Group A
Denis Višinský,Czech Republic,FWD,2,,Group A
Raúl Rangel,Mexico,GK,14,,Group A
Jorge Sánchez,Mexico,DEF,59,,Group A
César Montes,Mexico,DEF,67,,Group A
Edson Álvarez,Mexico,DEF,98,,Group A
Johan Vásquez,Mexico,DEF,46,,Group A
Érik Lira,Mexico,MID,25,,Group A
Luis Romo,Mexico,MID,63,,Group A
Álvaro Fidalgo,Mexico,MID,4,,Group A
Raúl Jiménez,Mexico,FWD,124,,Group A
Alexis Vega,Mexico,FWD,52,,Group A
Santiago Giménez,Mexico,FWD,47,,Group A
Carlos Acevedo,Mexico,GK,7,,Group A
Guillermo Ochoa,Mexico,GK,152,,Group A
Armando González,Mexico,FWD,7,,Group A
Israel Reyes,Mexico,DEF,34,,Group A
Julián Quiñones,Mexico,FWD,22,,Group A
Orbelín Pineda,Mexico,MID,92,,Group A
Obed Vargas,Mexico,MID,6,,Group A
Gilberto Mora,Mexico,MID,8,,Group A
Mateo Chávez,Mexico,DEF,10,,Group A
César Huerta,Mexico,FWD,26,,Group A
Guillermo Martínez,Mexico,FWD,12,,Group A
Jesús Gallardo,Mexico,DEF,121,,Group A
Luis Chávez,Mexico,MID,45,,Group A
Roberto Alvarado,Mexico,FWD,67,,Group A
Brian Gutiérrez,Mexico,MID,7,,Group A
Ronwen Williams,South Africa,GK,62,,Group A
Thabang Matuludi,South Africa,DEF,3,,Group A
Khulumani Ndamane,South Africa,DEF,5,,Group A
Teboho Mokoena,South Africa,MID,51,,Group A
Thalente Mbatha,South Africa,MID,15,,Group A
Aubrey Modiba,South Africa,DEF,44,,Group A
Oswin Appollis,South Africa,FWD,26,,Group A
Tshepang Moremi,South Africa,FWD,10,,Group A
Lyle Foster,South Africa,FWD,27,,Group A
Relebohile Mofokeng,South Africa,FWD,13,,Group A
Themba Zwane,South Africa,MID,54,,Group A
Thapelo Maseko,South Africa,FWD,10,,Group A
Sphephelo Sithole,South Africa,MID,28,,Group A
Mbekezeli Mbokazi,South Africa,DEF,10,,Group A
Iqraam Rayners,South Africa,FWD,14,,Group A
Sipho Chaine,South Africa,GK,4,,Group A
Evidence Makgopa,South Africa,FWD,26,,Group A
Samukele Kabini,South Africa,DEF,6,,Group A
Nkosinathi Sibisi,South Africa,DEF,20,,Group A
Khuliso Mudau,South Africa,DEF,32,,Group A
Ime Okon,South Africa,DEF,8,,Group A
Ricardo Goss,South Africa,GK,5,,Group A
Jayden Adams,South Africa,MID,5,,Group A
Olwethu Makhanya,South Africa,DEF,1,,Group A
Kamogelo Sebelebele,South Africa,FWD,3,,Group A
Bradley Cross,South Africa,DEF,1,,Group A
Kim Seung-gyu,South Korea,GK,87,,Group A
Lee Han-beom,South Korea,DEF,8,,Group A
Lee Gi-hyuk,South Korea,MID,3,,Group A
Kim Min-jae,South Korea,DEF,79,,Group A
Kim Tae-hyeon,South Korea,DEF,7,,Group A
Hwang In-beom,South Korea,MID,73,,Group A
Son Heung-min,South Korea,FWD,144,,Group A
Paik Seung-ho,South Korea,MID,27,,Group A
Cho Gue-sung,South Korea,FWD,44,,Group A
Lee Jae-sung,South Korea,MID,105,,Group A
Hwang Hee-chan,South Korea,MID,79,,Group A
Song Bum-keun,South Korea,GK,3,,Group A
Lee Tae-seok,South Korea,DEF,15,,Group A
Cho Wi-je,South Korea,DEF,1,,Group A
Kim Moon-hwan,South Korea,DEF,35,,Group A
Park Jin-seob,South Korea,DEF,14,,Group A
Bae Jun-ho,South Korea,MID,13,,Group A
Oh Hyeon-gyu,South Korea,FWD,27,,Group A
Lee Kang-in,South Korea,MID,47,,Group A
Yang Hyun-jun,South Korea,MID,9,,Group A
Jo Hyeon-woo,South Korea,GK,48,,Group A
Seol Young-woo,South Korea,DEF,34,,Group A
Jens Castrop,South Korea,DEF,7,,Group A
Kim Jin-gyu,South Korea,MID,22,,Group A
Eom Ji-sung,South Korea,MID,9,,Group A
Lee Dong-gyeong,South Korea,MID,18,,Group A
Nikola Vasilj,Bosnia and Herzegovina,GK,26,,Group B
Nihad Mujakić,Bosnia and Herzegovina,DEF,12,,Group B
Dennis Hadžikadunić,Bosnia and Herzegovina,DEF,32,,Group B
Tarik Muharemović,Bosnia and Herzegovina,DEF,14,,Group B
Sead Kolašinac,Bosnia and Herzegovina,DEF,65,,Group B
Benjamin Tahirović,Bosnia and Herzegovina,MID,28,,Group B
Amar Dedić,Bosnia and Herzegovina,DEF,28,,Group B
Armin Gigović,Bosnia and Herzegovina,MID,20,,Group B
Samed Baždar,Bosnia and Herzegovina,FWD,13,,Group B
Ermedin Demirović,Bosnia and Herzegovina,FWD,40,,Group B
Edin Džeko,Bosnia and Herzegovina,FWD,148,,Group B
Mladen Jurkas,Bosnia and Herzegovina,GK,0,,Group B
Ivan Bašić,Bosnia and Herzegovina,MID,17,,Group B
Ivan Šunjić,Bosnia and Herzegovina,MID,11,,Group B
Amar Memić,Bosnia and Herzegovina,MID,13,,Group B
Amir Hadžiahmetović,Bosnia and Herzegovina,MID,36,,Group B
Dženis Burnić,Bosnia and Herzegovina,MID,20,,Group B
Nikola Katić,Bosnia and Herzegovina,DEF,17,,Group B
Kerim Alajbegović,Bosnia and Herzegovina,FWD,10,,Group B
Esmir Bajraktarević,Bosnia and Herzegovina,FWD,16,,Group B
Stjepan Radeljić,Bosnia and Herzegovina,DEF,5,,Group B
Martin Zlomislić,Bosnia and Herzegovina,GK,3,,Group B
Haris Tabaković,Bosnia and Herzegovina,FWD,10,,Group B
Arjan Malić,Bosnia and Herzegovina,DEF,8,,Group B
Jovo Lukić,Bosnia and Herzegovina,FWD,3,,Group B
Ermin Mahmić,Bosnia and Herzegovina,MID,2,,Group B
Dayne St. Clair,Canada,GK,20,,Group B
Alistair Johnston,Canada,DEF,58,,Group B
Alfie Jones,Canada,DEF,2,,Group B
Luc de Fougerolles,Canada,DEF,13,,Group B
Joel Waterman,Canada,DEF,17,,Group B
Mathieu Choinière,Canada,MID,23,,Group B
Stephen Eustáquio,Canada,MID,56,,Group B
Ismaël Koné,Canada,MID,40,,Group B
Cyle Larin,Canada,FWD,90,,Group B
Jonathan David,Canada,FWD,77,,Group B
Liam Millar,Canada,MID,41,,Group B
Tani Oluwaseyi,Canada,FWD,24,,Group B
Derek Cornelius,Canada,DEF,44,,Group B
Jacob Shaffelburg,Canada,MID,31,,Group B
Moïse Bombito,Canada,DEF,20,,Group B
Maxime Crépeau,Canada,GK,32,,Group B
Tajon Buchanan,Canada,FWD,60,,Group B
Owen Goodman,Canada,GK,0,,Group B
Alphonso Davies,Canada,DEF,58,,Group B
Ali Ahmed,Canada,FWD,24,,Group B
Jonathan Osorio,Canada,MID,90,,Group B
Richie Laryea,Canada,DEF,75,,Group B
Niko Sigur,Canada,DEF,19,,Group B
Promise David,Canada,FWD,10,,Group B
Nathan Saliba,Canada,MID,15,,Group B
Jayden Nelson,Canada,FWD,14,,Group B
Mahmud Abunada,Qatar,GK,5,,Group B
Pedro Miguel,Qatar,DEF,99,,Group B
Lucas Mendes,Qatar,DEF,25,,Group B
Issa Laye,Qatar,DEF,4,,Group B
Jassem Gaber,Qatar,DEF,32,,Group B
Abdulaziz Hatem,Qatar,MID,117,,Group B
Ahmed Alaaeldin,Qatar,FWD,68,,Group B
Edmilson Junior,Qatar,FWD,16,,Group B
Mohammed Muntari,Qatar,FWD,67,,Group B
Hassan Al-Haydos,Qatar,FWD,186,,Group B
Akram Afif,Qatar,FWD,125,,Group B
Karim Boudiaf,Qatar,MID,118,,Group B
Ayoub Al-Oui,Qatar,DEF,6,,Group B
Homam Ahmed,Qatar,DEF,68,,Group B
Yusuf Abdurisag,Qatar,FWD,39,,Group B
Boualem Khoukhi,Qatar,DEF,116,,Group B
Ahmed Al-Ganehi,Qatar,MID,13,,Group B
Sultan Al-Brake,Qatar,DEF,17,,Group B
Almoez Ali,Qatar,FWD,115,,Group B
Ahmed Fathy,Qatar,MID,48,,Group B
Salah Zakaria,Qatar,GK,8,,Group B
Meshaal Barsham,Qatar,GK,52,,Group B
Assim Madibo,Qatar,MID,51,,Group B
Tahsin Jamshid,Qatar,FWD,3,,Group B
Al-Hashmi Al-Hussain,Qatar,DEF,8,,Group B
Mohamed Manai,Qatar,FWD,10,,Group B
Gregor Kobel,Switzerland,GK,21,,Group B
Miro Muheim,Switzerland,DEF,10,,Group B
Silvan Widmer,Switzerland,DEF,60,,Group B
Nico Elvedi,Switzerland,DEF,67,,Group B
Manuel Akanji,Switzerland,DEF,81,,Group B
Denis Zakaria,Switzerland,MID,65,,Group B
Breel Embolo,Switzerland,FWD,86,,Group B
Remo Freuler,Switzerland,MID,88,,Group B
Johan Manzambi,Switzerland,MID,12,,Group B
Granit Xhaka,Switzerland,MID,146,,Group B
Dan Ndoye,Switzerland,FWD,31,,Group B
Yvon Mvogo,Switzerland,GK,13,,Group B
Ricardo Rodriguez,Switzerland,DEF,138,,Group B
Ardon Jashari,Switzerland,MID,8,,Group B
Djibril Sow,Switzerland,MID,52,,Group B
Christian Fassnacht,Switzerland,FWD,23,,Group B
Rubén Vargas,Switzerland,FWD,61,,Group B
Eray Cömert,Switzerland,DEF,22,,Group B
Noah Okafor,Switzerland,FWD,25,,Group B
Michel Aebischer,Switzerland,MID,40,,Group B
Marvin Keller,Switzerland,GK,1,,Group B
Fabian Rieder,Switzerland,MID,28,,Group B
Zeki Amdouni,Switzerland,FWD,29,,Group B
Aurèle Amenda,Switzerland,DEF,7,,Group B
Luca Jaquez,Switzerland,DEF,3,,Group B
Cedric Itten,Switzerland,FWD,15,,Group B
Alisson,Brazil,GK,78,,Group C
Éderson Silva,Brazil,MID,3,,Group C
Gabriel Magalhães,Brazil,DEF,17,,Group C
Marquinhos,Brazil,DEF,105,,Group C
Casemiro,Brazil,MID,86,,Group C
Alex Sandro,Brazil,DEF,45,,Group C
Vinícius Júnior,Brazil,FWD,49,,Group C
Bruno Guimarães,Brazil,MID,43,,Group C
Matheus Cunha,Brazil,FWD,23,,Group C
Neymar,Brazil,FWD,128,,Group C
Raphinha,Brazil,FWD,39,,Group C
Weverton,Brazil,GK,11,,Group C
Danilo Luiz,Brazil,DEF,70,,Group C
Bremer,Brazil,DEF,8,,Group C
Léo Pereira,Brazil,DEF,4,,Group C
Douglas Santos,Brazil,DEF,7,,Group C
Fabinho,Brazil,MID,33,,Group C
Danilo Santos,Brazil,MID,4,,Group C
Endrick,Brazil,FWD,17,,Group C
Lucas Paquetá,Brazil,MID,63,,Group C
Luiz Henrique,Brazil,FWD,15,,Group C
Gabriel Martinelli,Brazil,FWD,23,,Group C
Ederson Moraes,Brazil,GK,32,,Group C
Roger Ibañez,Brazil,DEF,7,,Group C
Igor Thiago,Brazil,FWD,4,,Group C
Rayan,Brazil,FWD,2,,Group C
Johny Placide,Haiti,GK,82,,Group C
Carlens Arcus,Haiti,DEF,56,,Group C
Keeto Thermoncy,Haiti,DEF,1,,Group C
Ricardo Adé,Haiti,DEF,59,,Group C
Hannes Delcroix,Haiti,DEF,7,,Group C
Carl Sainté,Haiti,MID,26,,Group C
Derrick Etienne Jr.,Haiti,FWD,51,,Group C
Martin Expérience,Haiti,DEF,21,,Group C
Duckens Nazon,Haiti,FWD,82,,Group C
Jean-Ricner Bellegarde,Haiti,MID,10,,Group C
Louicius Deedson,Haiti,FWD,32,,Group C
Alexandre Pierre,Haiti,GK,16,,Group C
Duke Lacroix,Haiti,DEF,16,,Group C
Garven Metusala,Haiti,DEF,16,,Group C
Ruben Providence,Haiti,FWD,15,,Group C
Lenny Joseph,Haiti,FWD,2,,Group C
Danley Jean Jacques,Haiti,MID,31,,Group C
Wilson Isidor,Haiti,FWD,4,,Group C
Yassin Fortuné,Haiti,FWD,4,,Group C
Frantzdy Pierrot,Haiti,FWD,51,,Group C
Josué Casimir,Haiti,FWD,7,,Group C
Jean-Kévin Duverne,Haiti,DEF,17,,Group C
Josué Duverger,Haiti,GK,7,,Group C
Wilguens Paugain,Haiti,DEF,8,,Group C
Dominique Simon,Haiti,MID,2,,Group C
Woodensky Pierre,Haiti,MID,1,,Group C
Yassine Bounou,Morocco,GK,90,,Group C
Achraf Hakimi,Morocco,DEF,96,,Group C
Noussair Mazraoui,Morocco,DEF,45,,Group C
Sofyan Amrabat,Morocco,MID,75,,Group C
Marwane Saâdane,Morocco,DEF,8,,Group C
Ayyoub Bouaddi,Morocco,MID,3,,Group C
Chemsdine Talbi,Morocco,MID,5,,Group C
Azzedine Ounahi,Morocco,MID,49,,Group C
Soufiane Rahimi,Morocco,FWD,37,,Group C
Brahim Díaz,Morocco,FWD,26,,Group C
Ismael Saibari,Morocco,MID,31,,Group C
Munir Mohamedi,Morocco,GK,53,,Group C
Zakaria El Ouahdi,Morocco,DEF,3,,Group C
Issa Diop,Morocco,DEF,4,,Group C
Samir El Mourabet,Morocco,MID,4,,Group C
Gessime Yassine,Morocco,MID,5,,Group C
Amine Sbaï,Morocco,FWD,2,,Group C
Chadi Riad,Morocco,DEF,6,,Group C
Youssef Belammari,Morocco,DEF,19,,Group C
Ayoub El Kaabi,Morocco,FWD,71,,Group C
Ayoube Amaimouni,Morocco,FWD,2,,Group C
Ahmed Reda Tagnaouti,Morocco,GK,3,,Group C
Bilal El Khannouss,Morocco,MID,37,,Group C
Neil El Aynaoui,Morocco,MID,16,,Group C
Redouane Halhal,Morocco,DEF,3,,Group C
Anass Salah-Eddine,Morocco,DEF,9,,Group C
Angus Gunn,Scotland,GK,22,,Group C
Aaron Hickey,Scotland,DEF,21,,Group C
Andy Robertson,Scotland,DEF,94,,Group C
Scott McTominay,Scotland,MID,70,,Group C
Grant Hanley,Scotland,DEF,68,,Group C
Kieran Tierney,Scotland,DEF,56,,Group C
John McGinn,Scotland,MID,86,,Group C
Tyler Fletcher,Scotland,MID,2,,Group C
Lyndon Dykes,Scotland,FWD,51,,Group C
Ché Adams,Scotland,FWD,47,,Group C
Ryan Christie,Scotland,MID,68,,Group C
Liam Kelly,Scotland,GK,3,,Group C
Jack Hendry,Scotland,DEF,38,,Group C
Ross Stewart,Scotland,FWD,3,,Group C
John Souttar,Scotland,DEF,24,,Group C
Dominic Hyam,Scotland,DEF,4,,Group C
Ben Gannon-Doak,Scotland,FWD,14,,Group C
George Hirst,Scotland,FWD,10,,Group C
Lewis Ferguson,Scotland,MID,24,,Group C
Lawrence Shankland,Scotland,FWD,20,,Group C
Craig Gordon,Scotland,GK,84,,Group C
Nathan Patterson,Scotland,DEF,26,,Group C
Kenny McLean,Scotland,MID,58,,Group C
Anthony Ralston,Scotland,DEF,27,,Group C
Findlay Curtis,Scotland,FWD,3,,Group C
Scott McKenna,Scotland,DEF,50,,Group C
Mathew Ryan,Australia,GK,104,,Group D
Miloš Degenek,Australia,DEF,57,,Group D
Alessandro Circati,Australia,DEF,13,,Group D
Jacob Italiano,Australia,DEF,5,,Group D
Jordan Bos,Australia,DEF,27,,Group D
Jason Geria,Australia,DEF,14,,Group D
Mathew Leckie,Australia,FWD,80,,Group D
Connor Metcalfe,Australia,MID,36,,Group D
Mohamed Touré,Australia,FWD,10,,Group D
Ajdin Hrustic,Australia,FWD,37,,Group D
Awer Mabil,Australia,FWD,38,,Group D
Paul Izzo,Australia,GK,4,,Group D
Aiden O'Neill,Australia,MID,31,,Group D
Cammy Devlin,Australia,MID,5,,Group D
Kai Trewin,Australia,DEF,6,,Group D
Aziz Behich,Australia,DEF,84,,Group D
Nestory Irankunda,Australia,FWD,15,,Group D
Patrick Beach,Australia,GK,2,,Group D
Harry Souttar,Australia,DEF,38,,Group D
Cristian Volpato,Australia,FWD,1,,Group D
Cameron Burgess,Australia,DEF,27,,Group D
Jackson Irvine,Australia,MID,82,,Group D
Nishan Velupillay,Australia,FWD,7,,Group D
Paul Okon-Engstler,Australia,MID,6,,Group D
Lucas Herrington,Australia,DEF,4,,Group D
Tete Yengi,Australia,FWD,1,,Group D
Gatito Fernández,Paraguay,GK,31,,Group D
Gustavo Velázquez,Paraguay,DEF,13,,Group D
Omar Alderete,Paraguay,DEF,36,,Group D
Juan José Cáceres,Paraguay,DEF,17,,Group D
Fabián Balbuena,Paraguay,DEF,48,,Group D
Júnior Alonso,Paraguay,DEF,71,,Group D
Ramón Sosa,Paraguay,MID,29,,Group D
Diego Gómez,Paraguay,MID,24,,Group D
Antonio Sanabria,Paraguay,FWD,48,,Group D
Miguel Almirón,Paraguay,MID,76,,Group D
Maurício,Paraguay,MID,3,,Group D
Orlando Gill,Paraguay,GK,6,,Group D
José Canale,Paraguay,DEF,2,,Group D
Andrés Cubas,Paraguay,MID,33,,Group D
Gustavo Gómez,Paraguay,DEF,89,,Group D
Damián Bobadilla,Paraguay,MID,19,,Group D
Kaku,Paraguay,FWD,33,,Group D
Álex Arce,Paraguay,FWD,15,,Group D
Julio Enciso,Paraguay,FWD,32,,Group D
Braian Ojeda,Paraguay,MID,17,,Group D
Gabriel Ávalos,Paraguay,FWD,23,,Group D
Gastón Olveira,Paraguay,GK,1,,Group D
Matías Galarza,Paraguay,MID,15,,Group D
Gustavo Caballero,Paraguay,MID,2,,Group D
Isidro Pitta,Paraguay,FWD,5,,Group D
Alexandro Maidana,Paraguay,DEF,2,,Group D
Mert Günok,Turkey,GK,37,,Group D
Zeki Çelik,Turkey,DEF,61,,Group D
Merih Demiral,Turkey,DEF,62,,Group D
Çağlar Söyüncü,Turkey,DEF,60,,Group D
Salih Özcan,Turkey,MID,30,,Group D
Orkun Kökçü,Turkey,MID,50,,Group D
Kerem Aktürkoğlu,Turkey,FWD,52,,Group D
Arda Güler,Turkey,FWD,29,,Group D
Deniz Gül,Turkey,FWD,8,,Group D
Hakan Çalhanoğlu,Turkey,MID,105,,Group D
Kenan Yıldız,Turkey,FWD,28,,Group D
Altay Bayındır,Turkey,GK,12,,Group D
Eren Elmalı,Turkey,DEF,23,,Group D
Abdülkerim Bardakcı,Turkey,DEF,27,,Group D
Ozan Kabak,Turkey,DEF,30,,Group D
İsmail Yüksek,Turkey,MID,32,,Group D
İrfan Can Kahveci,Turkey,FWD,47,,Group D
Mert Müldür,Turkey,DEF,45,,Group D
Yunus Akgün,Turkey,FWD,19,,Group D
Ferdi Kadıoğlu,Turkey,DEF,30,,Group D
Barış Alper Yılmaz,Turkey,FWD,35,,Group D
Kaan Ayhan,Turkey,MID,73,,Group D
Uğurcan Çakır,Turkey,GK,39,,Group D
Oğuz Aydın,Turkey,FWD,11,,Group D
Samet Akaydin,Turkey,DEF,19,,Group D
Can Uzun,Turkey,FWD,6,,Group D
Matt Turner,United States,GK,54,,Group D
Sergiño Dest,United States,DEF,39,,Group D
Chris Richards,United States,DEF,36,,Group D
Tyler Adams,United States,MID,54,,Group D
Antonee Robinson,United States,DEF,54,,Group D
Auston Trusty,United States,DEF,8,,Group D
Giovanni Reyna,United States,MID,38,,Group D
Weston McKennie,United States,MID,66,,Group D
Ricardo Pepi,United States,FWD,37,,Group D
Christian Pulisic,United States,FWD,86,,Group D
Brenden Aaronson,United States,FWD,58,,Group D
Miles Robinson,United States,DEF,40,,Group D
Tim Ream,United States,DEF,82,,Group D
Sebastian Berhalter,United States,MID,13,,Group D
Cristian Roldan,United States,MID,47,,Group D
Alex Freeman,United States,DEF,17,,Group D
Malik Tillman,United States,MID,30,,Group D
Max Arfsten,United States,DEF,20,,Group D
Haji Wright,United States,FWD,20,,Group D
Folarin Balogun,United States,FWD,27,,Group D
Timothy Weah,United States,FWD,51,,Group D
Mark McKenzie,United States,DEF,29,,Group D
Joe Scally,United States,DEF,26,,Group D
Matt Freese,United States,GK,15,,Group D
Chris Brady,United States,GK,1,,Group D
Alejandro Zendejas,United States,FWD,14,,Group D
Eloy Room,Curaçao,GK,71,,Group E
Shurandy Sambo,Curaçao,DEF,8,,Group E
Juriën Gaari,Curaçao,DEF,60,,Group E
Roshon van Eijma,Curaçao,DEF,28,,Group E
Sherel Floranus,Curaçao,DEF,28,,Group E
Godfried Roemeratoe,Curaçao,MID,28,,Group E
Juninho Bacuna,Curaçao,MID,49,,Group E
Livano Comenencia,Curaçao,MID,20,,Group E
Jürgen Locadia,Curaçao,FWD,13,,Group E
Leandro Bacuna,Curaçao,MID,72,,Group E
Jeremy Antonisse,Curaçao,FWD,27,,Group E
Sontje Hansen,Curaçao,FWD,6,,Group E
Tyrese Noslin,Curaçao,FWD,7,,Group E
Kenji Gorré,Curaçao,FWD,38,,Group E
Ar'jany Martha,Curaçao,MID,9,,Group E
Jearl Margaritha,Curaçao,FWD,22,,Group E
Brandley Kuwas,Curaçao,FWD,35,,Group E
Armando Obispo,Curaçao,DEF,6,,Group E
Gervane Kastaneer,Curaçao,FWD,29,,Group E
Joshua Brenet,Curaçao,DEF,18,,Group E
Tahith Chong,Curaçao,MID,6,,Group E
Kevin Felida,Curaçao,MID,19,,Group E
Riechedly Bazoer,Curaçao,DEF,5,,Group E
Deveron Fonville,Curaçao,DEF,2,,Group E
Tyrick Bodak,Curaçao,GK,4,,Group E
Trevor Doornbusch,Curaçao,GK,8,,Group E
Hernán Galíndez,Ecuador,GK,35,,Group E
Félix Torres,Ecuador,DEF,49,,Group E
Piero Hincapié,Ecuador,DEF,52,,Group E
Joel Ordóñez,Ecuador,DEF,17,,Group E
Jordy Alcívar,Ecuador,MID,11,,Group E
Willian Pacho,Ecuador,DEF,34,,Group E
Pervis Estupiñán,Ecuador,DEF,54,,Group E
Anthony Valencia,Ecuador,MID,3,,Group E
John Yeboah,Ecuador,FWD,23,,Group E
Kendry Páez,Ecuador,MID,26,,Group E
Kevin Rodríguez,Ecuador,FWD,31,,Group E
Moisés Ramírez,Ecuador,GK,7,,Group E
Enner Valencia,Ecuador,FWD,105,,Group E
Alan Minda,Ecuador,MID,20,,Group E
Pedro Vite,Ecuador,MID,17,,Group E
Jordy Caicedo,Ecuador,FWD,20,,Group E
Ángelo Preciado,Ecuador,DEF,55,,Group E
Denil Castillo,Ecuador,MID,5,,Group E
Gonzalo Plata,Ecuador,FWD,50,,Group E
Nilson Angulo,Ecuador,FWD,14,,Group E
Alan Franco,Ecuador,MID,58,,Group E
Gonzalo Valle,Ecuador,GK,4,,Group E
Moisés Caicedo,Ecuador,MID,61,,Group E
Jeremy Arévalo,Ecuador,FWD,4,,Group E
Jackson Porozo,Ecuador,DEF,10,,Group E
Yaimar Medina,Ecuador,DEF,6,,Group E
Manuel Neuer,Germany,GK,124,,Group E
Antonio Rüdiger,Germany,DEF,82,,Group E
Waldemar Anton,Germany,DEF,13,,Group E
Jonathan Tah,Germany,DEF,47,,Group E
Aleksandar Pavlović,Germany,MID,11,,Group E
Joshua Kimmich,Germany,DEF,110,,Group E
Kai Havertz,Germany,FWD,58,,Group E
Leon Goretzka,Germany,MID,70,,Group E
Jamie Leweling,Germany,MID,5,,Group E
Jamal Musiala,Germany,MID,42,,Group E
Nick Woltemade,Germany,FWD,11,,Group E
Oliver Baumann,Germany,GK,13,,Group E
Pascal Groß,Germany,MID,18,,Group E
Maximilian Beier,Germany,FWD,9,,Group E
Nico Schlotterbeck,Germany,DEF,27,,Group E
Angelo Stiller,Germany,MID,8,,Group E
Florian Wirtz,Germany,MID,41,,Group E
Nathaniel Brown,Germany,DEF,5,,Group E
Leroy Sané,Germany,MID,76,,Group E
Nadiem Amiri,Germany,MID,11,,Group E
Alexander Nübel,Germany,GK,3,,Group E
David Raum,Germany,DEF,37,,Group E
Felix Nmecha,Germany,MID,8,,Group E
Malick Thiaw,Germany,DEF,5,,Group E
Assan Ouédraogo,Germany,MID,1,,Group E
Deniz Undav,Germany,FWD,9,,Group E
Yahia Fofana,Ivory Coast,GK,35,,Group E
Ousmane Diomande,Ivory Coast,DEF,15,,Group E
Ghislain Konan,Ivory Coast,DEF,54,,Group E
Jean Michaël Seri,Ivory Coast,MID,65,,Group E
Wilfried Singo,Ivory Coast,DEF,34,,Group E
Seko Fofana,Ivory Coast,MID,32,,Group E
Odilon Kossounou,Ivory Coast,DEF,35,,Group E
Franck Kessié,Ivory Coast,MID,103,,Group E
Ange-Yoan Bonny,Ivory Coast,FWD,1,,Group E
Simon Adingra,Ivory Coast,FWD,29,,Group E
Yan Diomande,Ivory Coast,FWD,10,,Group E
Elye Wahi,Ivory Coast,FWD,2,,Group E
Christopher Opéri,Ivory Coast,DEF,12,,Group E
Oumar Diakité,Ivory Coast,FWD,29,,Group E
Amad Diallo,Ivory Coast,FWD,19,,Group E
Mohamed Koné,Ivory Coast,GK,0,,Group E
Guéla Doué,Ivory Coast,DEF,20,,Group E
Ibrahim Sangaré,Ivory Coast,MID,58,,Group E
Nicolas Pépé,Ivory Coast,FWD,55,,Group E
Emmanuel Agbadou,Ivory Coast,DEF,20,,Group E
Evan Ndicka,Ivory Coast,DEF,28,,Group E
Evann Guessand,Ivory Coast,FWD,21,,Group E
Alban Lafont,Ivory Coast,GK,4,,Group E
Bazoumana Touré,Ivory Coast,FWD,6,,Group E
Parfait Guiagon,Ivory Coast,MID,5,,Group E
Christ Inao Oulaï,Ivory Coast,MID,9,,Group E
Zion Suzuki,Japan,GK,24,,Group F
Yukinari Sugawara,Japan,DEF,21,,Group F
Shōgo Taniguchi,Japan,DEF,38,,Group F
Kō Itakura,Japan,DEF,40,,Group F
Yūto Nagatomo,Japan,DEF,145,,Group F
Shūto Machino,Japan,FWD,14,,Group F
Ao Tanaka,Japan,MID,38,,Group F
Takefusa Kubo,Japan,MID,49,,Group F
Keisuke Gotō,Japan,FWD,4,,Group F
Ritsu Dōan,Japan,MID,65,,Group F
Daizen Maeda,Japan,MID,27,,Group F
Keisuke Ōsako,Japan,GK,11,,Group F
Keito Nakamura,Japan,MID,25,,Group F
Junya Itō,Japan,MID,69,,Group F
Daichi Kamada,Japan,MID,49,,Group F
Tsuyoshi Watanabe,Japan,DEF,11,,Group F
Yuito Suzuki,Japan,MID,6,,Group F
Ayase Ueda,Japan,FWD,39,,Group F
Kōki Ogawa,Japan,FWD,15,,Group F
Ayumu Seko,Japan,DEF,14,,Group F
Hiroki Itō,Japan,DEF,24,,Group F
Takehiro Tomiyasu,Japan,DEF,43,,Group F
Tomoki Hayakawa,Japan,GK,4,,Group F
Kaishū Sano,Japan,MID,13,,Group F
Junnosuke Suzuki,Japan,DEF,6,,Group F
Kento Shiogai,Japan,FWD,2,,Group F
Bart Verbruggen,Netherlands,GK,29,,Group F
Lutsharel Geertruida,Netherlands,DEF,21,,Group F
Marten de Roon,Netherlands,MID,43,,Group F
Virgil van Dijk,Netherlands,DEF,92,,Group F
Nathan Aké,Netherlands,DEF,59,,Group F
Jan Paul van Hecke,Netherlands,DEF,12,,Group F
Justin Kluivert,Netherlands,MID,12,,Group F
Ryan Gravenberch,Netherlands,MID,27,,Group F
Wout Weghorst,Netherlands,FWD,52,,Group F
Memphis Depay,Netherlands,FWD,109,,Group F
Cody Gakpo,Netherlands,FWD,50,,Group F
Mats Wieffer,Netherlands,DEF,15,,Group F
Robin Roefs,Netherlands,GK,1,,Group F
Tijjani Reijnders,Netherlands,MID,32,,Group F
Micky van de Ven,Netherlands,DEF,21,,Group F
Guus Til,Netherlands,MID,7,,Group F
Noa Lang,Netherlands,FWD,15,,Group F
Donyell Malen,Netherlands,FWD,53,,Group F
Brian Brobbey,Netherlands,FWD,12,,Group F
Teun Koopmeiners,Netherlands,MID,28,,Group F
Frenkie de Jong,Netherlands,MID,66,,Group F
Denzel Dumfries,Netherlands,DEF,72,,Group F
Mark Flekken,Netherlands,GK,12,,Group F
Crysencio Summerville,Netherlands,FWD,2,,Group F
Jorrel Hato,Netherlands,DEF,8,,Group F
Quinten Timber,Netherlands,MID,11,,Group F
Jacob Widell Zetterström,Sweden,GK,3,,Group F
Gustaf Lagerbielke,Sweden,DEF,11,,Group F
Victor Lindelöf,Sweden,DEF,76,,Group F
Isak Hien,Sweden,DEF,29,,Group F
Gabriel Gudmundsson,Sweden,DEF,24,,Group F
Herman Johansson,Sweden,DEF,3,,Group F
Lucas Bergvall,Sweden,MID,10,,Group F
Daniel Svensson,Sweden,DEF,13,,Group F
Alexander Isak,Sweden,FWD,58,,Group F
Benjamin Nygren,Sweden,MID,11,,Group F
Anthony Elanga,Sweden,FWD,30,,Group F
Viktor Johansson,Sweden,GK,12,,Group F
Ken Sema,Sweden,MID,33,,Group F
Hjalmar Ekdal,Sweden,DEF,13,,Group F
Carl Starfelt,Sweden,DEF,18,,Group F
Jesper Karlström,Sweden,MID,25,,Group F
Viktor Gyökeres,Sweden,FWD,33,,Group F
Yasin Ayari,Sweden,MID,21,,Group F
Mattias Svanberg,Sweden,MID,41,,Group F
Eric Smith,Sweden,DEF,2,,Group F
Alexander Bernhardsson,Sweden,DEF,11,,Group F
Besfort Zeneli,Sweden,MID,8,,Group F
Kristoffer Nordfeldt,Sweden,GK,21,,Group F
Elliot Stroud,Sweden,DEF,1,,Group F
Gustaf Nilsson,Sweden,FWD,10,,Group F
Taha Ali,Sweden,FWD,2,,Group F
Mouhib Chamakh,Tunisia,GK,3,,Group F
Ali Abdi,Tunisia,DEF,46,,Group F
Montassar Talbi,Tunisia,DEF,64,,Group F
Omar Rekik,Tunisia,DEF,6,,Group F
Adem Arous,Tunisia,DEF,2,,Group F
Dylan Bronn,Tunisia,DEF,52,,Group F
Elias Achouri,Tunisia,FWD,30,,Group F
Elias Saad,Tunisia,FWD,15,,Group F
Hazem Mastouri,Tunisia,FWD,19,,Group F
Hannibal Mejbri,Tunisia,MID,45,,Group F
Ismaël Gharbi,Tunisia,MID,17,,Group F
Mortadha Ben Ouanes,Tunisia,DEF,18,,Group F
Rani Khedira,Tunisia,MID,3,,Group F
Khalil Ayari,Tunisia,MID,4,,Group F
Hadj Mahmoud,Tunisia,MID,9,,Group F
Aymen Dahmen,Tunisia,GK,37,,Group F
Ellyes Skhiri,Tunisia,MID,83,,Group F
Rayan Elloumi,Tunisia,FWD,4,,Group F
Firas Chaouat,Tunisia,FWD,30,,Group F
Yan Valery,Tunisia,DEF,22,,Group F
Mohamed Amine Ben Hamida,Tunisia,DEF,13,,Group F
Sabri Ben Hessen,Tunisia,GK,2,,Group F
Moutaz Neffati,Tunisia,DEF,5,,Group F
Raed Chikhaoui,Tunisia,DEF,0,,Group F
Anis Ben Slimane,Tunisia,MID,41,,Group F
Sebastian Tounekti,Tunisia,MID,12,,Group F
Thibaut Courtois,Belgium,GK,109,,Group G
Zeno Debast,Belgium,DEF,26,,Group G
Arthur Theate,Belgium,DEF,33,,Group G
Brandon Mechele,Belgium,DEF,9,,Group G
Maxim De Cuyper,Belgium,DEF,19,,Group G
Axel Witsel,Belgium,MID,138,,Group G
Kevin De Bruyne,Belgium,MID,119,,Group G
Youri Tielemans,Belgium,MID,85,,Group G
Romelu Lukaku,Belgium,FWD,126,,Group G
Leandro Trossard,Belgium,FWD,51,,Group G
Jérémy Doku,Belgium,FWD,43,,Group G
Senne Lammens,Belgium,GK,2,,Group G
Mike Penders,Belgium,GK,0,,Group G
Dodi Lukébakio,Belgium,FWD,30,,Group G
Thomas Meunier,Belgium,DEF,80,,Group G
Koni De Winter,Belgium,DEF,8,,Group G
Charles De Ketelaere,Belgium,FWD,30,,Group G
Joaquin Seys,Belgium,DEF,5,,Group G
Diego Moreira,Belgium,MID,3,,Group G
Hans Vanaken,Belgium,MID,34,,Group G
Timothy Castagne,Belgium,DEF,63,,Group G
Alexis Saelemaekers,Belgium,MID,24,,Group G
Nicolas Raskin,Belgium,MID,13,,Group G
Amadou Onana,Belgium,MID,29,,Group G
Nathan Ngoy,Belgium,DEF,4,,Group G
Matias Fernandez-Pardo,Belgium,FWD,2,,Group G
Mohamed El Shenawy,Egypt,GK,76,,Group G
Yasser Ibrahim,Egypt,DEF,17,,Group G
Mohamed Hany,Egypt,DEF,42,,Group G
Hossam Abdelmaguid,Egypt,DEF,13,,Group G
Ramy Rabia,Egypt,DEF,44,,Group G
Mohamed Abdelmonem,Egypt,DEF,36,,Group G
Trézéguet,Egypt,FWD,96,,Group G
Emam Ashour,Egypt,MID,29,,Group G
Hamza Abdelkarim,Egypt,FWD,2,,Group G
Mohamed Salah,Egypt,FWD,116,,Group G
Mostafa Ziko,Egypt,MID,2,,Group G
Haissem Hassan,Egypt,FWD,4,,Group G
Ahmed Fatouh,Egypt,DEF,39,,Group G
Hamdy Fathy,Egypt,MID,63,,Group G
Karim Hafez,Egypt,DEF,9,,Group G
El Mahdy Soliman,Egypt,GK,0,,Group G
Mohanad Lasheen,Egypt,MID,23,,Group G
Nabil Emad,Egypt,MID,12,,Group G
Marwan Attia,Egypt,MID,34,,Group G
Ibrahim Adel,Egypt,FWD,24,,Group G
Mahmoud Saber,Egypt,MID,15,,Group G
Omar Marmoush,Egypt,FWD,50,,Group G
Mostafa Shobeir,Egypt,GK,9,,Group G
Tarek Alaa,Egypt,DEF,3,,Group G
Zizo,Egypt,FWD,63,,Group G
Mohamed Alaa,Egypt,GK,0,,Group G
Alireza Beiranvand,Iran,GK,86,,Group G
Saleh Hardani,Iran,DEF,18,,Group G
Ehsan Hajsafi,Iran,DEF,146,,Group G
Shojae Khalilzadeh,Iran,DEF,58,,Group G
Milad Mohammadi,Iran,DEF,76,,Group G
Saeid Ezatolahi,Iran,MID,83,,Group G
Alireza Jahanbakhsh,Iran,MID,98,,Group G
Mohammad Mohebi,Iran,MID,36,,Group G
Mehdi Taremi,Iran,FWD,105,,Group G
Mehdi Ghayedi,Iran,FWD,30,,Group G
Ali Alipour,Iran,FWD,14,,Group G
Payam Niazmand,Iran,GK,15,,Group G
Hossein Kanaanizadegan,Iran,DEF,65,,Group G
Saman Ghoddos,Iran,MID,68,,Group G
Rouzbeh Cheshmi,Iran,MID,40,,Group G
Mehdi Torabi,Iran,MID,52,,Group G
Aria Yousefi,Iran,DEF,14,,Group G
Amirhossein Hosseinzadeh,Iran,FWD,18,,Group G
Ali Nemati,Iran,DEF,17,,Group G
Shahriyar Moghanlou,Iran,FWD,21,,Group G
Mohammad Ghorbani,Iran,MID,16,,Group G
Hossein Hosseini,Iran,GK,13,,Group G
Ramin Rezaeian,Iran,DEF,74,,Group G
Dennis Eckert,Iran,FWD,0,,Group G
Danial Eiri,Iran,DEF,0,,Group G
Amirmohammad Razzaghinia,Iran,MID,4,,Group G
Max Crocombe,New Zealand,GK,24,,Group G
Tim Payne,New Zealand,DEF,51,,Group G
Francis de Vries,New Zealand,DEF,20,,Group G
Tyler Bindon,New Zealand,DEF,25,,Group G
Michael Boxall,New Zealand,DEF,63,,Group G
Joe Bell,New Zealand,MID,32,,Group G
Matthew Garbett,New Zealand,MID,37,,Group G
Marko Stamenić,New Zealand,MID,39,,Group G
Chris Wood,New Zealand,FWD,90,,Group G
Sarpreet Singh,New Zealand,MID,28,,Group G
Elijah Just,New Zealand,MID,44,,Group G
Alex Paulsen,New Zealand,GK,8,,Group G
Liberato Cacace,New Zealand,DEF,37,,Group G
Alex Rufer,New Zealand,MID,26,,Group G
Nando Pijnaker,New Zealand,DEF,25,,Group G
Finn Surman,New Zealand,DEF,19,,Group G
Kosta Barbarouses,New Zealand,FWD,76,,Group G
Ben Waine,New Zealand,FWD,31,,Group G
Ben Old,New Zealand,MID,24,,Group G
Callum McCowatt,New Zealand,MID,32,,Group G
Jesse Randall,New Zealand,FWD,11,,Group G
Michael Woud,New Zealand,GK,6,,Group G
Ryan Thomas,New Zealand,MID,25,,Group G
Callan Elliot,New Zealand,DEF,11,,Group G
Lachlan Bayliss,New Zealand,MID,4,,Group G
Tommy Smith,New Zealand,DEF,56,,Group G
Vozinha,Cape Verde,GK,90,,Group H
Stopira,Cape Verde,DEF,61,,Group H
Diney,Cape Verde,DEF,32,,Group H
Roberto Lopes,Cape Verde,DEF,45,,Group H
Logan Costa,Cape Verde,DEF,28,,Group H
Kevin Pina,Cape Verde,MID,31,,Group H
Jovane Cabral,Cape Verde,MID,29,,Group H
João Paulo,Cape Verde,MID,41,,Group H
Gilson Benchimol,Cape Verde,FWD,21,,Group H
Jamiro Monteiro,Cape Verde,MID,55,,Group H
Garry Rodrigues,Cape Verde,MID,61,,Group H
Márcio Rosa,Cape Verde,GK,11,,Group H
Sidny Lopes Cabral,Cape Verde,DEF,11,,Group H
Deroy Duarte,Cape Verde,MID,33,,Group H
Laros Duarte,Cape Verde,MID,20,,Group H
Yannick Semedo,Cape Verde,MID,11,,Group H
Willy Semedo,Cape Verde,MID,38,,Group H
Telmo Arcanjo,Cape Verde,MID,16,,Group H
Dailon Livramento,Cape Verde,FWD,22,,Group H
Ryan Mendes,Cape Verde,FWD,98,,Group H
Nuno da Costa,Cape Verde,MID,9,,Group H
Steven Moreira,Cape Verde,DEF,20,,Group H
CJ dos Santos,Cape Verde,GK,1,,Group H
Wagner Pina,Cape Verde,DEF,14,,Group H
Kelvin Pires,Cape Verde,DEF,6,,Group H
Hélio Varela,Cape Verde,MID,21,,Group H
Nawaf Al-Aqidi,Saudi Arabia,GK,24,,Group H
Ali Majrashi,Saudi Arabia,DEF,21,,Group H
Ali Lajami,Saudi Arabia,DEF,24,,Group H
Abdulelah Al-Amri,Saudi Arabia,DEF,44,,Group H
Hassan Al-Tambakti,Saudi Arabia,DEF,54,,Group H
Nasser Al-Dawsari,Saudi Arabia,MID,47,,Group H
Musab Al-Juwayr,Saudi Arabia,MID,37,,Group H
Ayman Yahya,Saudi Arabia,FWD,26,,Group H
Firas Al-Buraikan,Saudi Arabia,FWD,72,,Group H
Salem Al-Dawsari,Saudi Arabia,FWD,111,,Group H
Saleh Al-Shehri,Saudi Arabia,FWD,59,,Group H
Saud Abdulhamid,Saudi Arabia,DEF,55,,Group H
Nawaf Boushal,Saudi Arabia,DEF,27,,Group H
Hassan Kadesh,Saudi Arabia,DEF,21,,Group H
Abdullah Al-Khaibari,Saudi Arabia,MID,42,,Group H
Ziyad Al-Johani,Saudi Arabia,MID,12,,Group H
Khalid Al-Ghannam,Saudi Arabia,FWD,7,,Group H
Alaa Al-Hejji,Saudi Arabia,MID,3,,Group H
Abdullah Al-Hamdan,Saudi Arabia,FWD,52,,Group H
Sultan Mandash,Saudi Arabia,FWD,7,,Group H
Mohammed Al-Owais,Saudi Arabia,GK,65,,Group H
Ahmed Al-Kassar,Saudi Arabia,GK,9,,Group H
Mohamed Kanno,Saudi Arabia,MID,79,,Group H
Moteb Al-Harbi,Saudi Arabia,DEF,13,,Group H
Jehad Thakri,Saudi Arabia,DEF,8,,Group H
Mohammed Abu Al-Shamat,Saudi Arabia,DEF,8,,Group H
David Raya,Spain,GK,13,,Group H
Marc Pubill,Spain,DEF,2,,Group H
Álex Grimaldo,Spain,DEF,14,,Group H
Eric García,Spain,DEF,21,,Group H
Marcos Llorente,Spain,DEF,24,,Group H
Mikel Merino,Spain,MID,43,,Group H
Ferran Torres,Spain,FWD,57,,Group H
Fabián Ruiz,Spain,MID,42,,Group H
Gavi,Spain,MID,30,,Group H
Dani Olmo,Spain,FWD,50,,Group H
Yéremy Pino,Spain,FWD,23,,Group H
Pedro Porro,Spain,DEF,18,,Group H
Joan Garcia,Spain,GK,2,,Group H
Aymeric Laporte,Spain,DEF,46,,Group H
Álex Baena,Spain,MID,17,,Group H
Rodri,Spain,MID,62,,Group H
Nico Williams,Spain,FWD,30,,Group H
Martín Zubimendi,Spain,MID,26,,Group H
Lamine Yamal,Spain,FWD,25,,Group H
Pedri,Spain,MID,41,,Group H
Mikel Oyarzabal,Spain,FWD,53,,Group H
Pau Cubarsí,Spain,DEF,12,,Group H
Unai Simón,Spain,GK,58,,Group H
Marc Cucurella,Spain,DEF,24,,Group H
Víctor Muñoz,Spain,FWD,2,,Group H
Borja Iglesias,Spain,FWD,8,,Group H
Sergio Rochet,Uruguay,GK,35,,Group H
José María Giménez,Uruguay,DEF,99,,Group H
Sebastián Cáceres,Uruguay,DEF,24,,Group H
Ronald Araújo,Uruguay,DEF,27,,Group H
Manuel Ugarte,Uruguay,MID,36,,Group H
Rodrigo Bentancur,Uruguay,MID,74,,Group H
Nicolás de la Cruz,Uruguay,MID,34,,Group H
Federico Valverde,Uruguay,MID,73,,Group H
Darwin Núñez,Uruguay,FWD,38,,Group H
Giorgian de Arrascaeta,Uruguay,MID,60,,Group H
Facundo Pellistri,Uruguay,FWD,39,,Group H
Santiago Mele,Uruguay,GK,8,,Group H
Guillermo Varela,Uruguay,DEF,28,,Group H
Agustín Canobbio,Uruguay,MID,15,,Group H
Emiliano Martínez,Uruguay,MID,10,,Group H
Mathías Olivera,Uruguay,DEF,35,,Group H
Matías Viña,Uruguay,DEF,43,,Group H
Brian Rodríguez,Uruguay,FWD,32,,Group H
Rodrigo Aguirre,Uruguay,FWD,10,,Group H
Maximiliano Araújo,Uruguay,MID,28,,Group H
Federico Viñas,Uruguay,FWD,11,,Group H
Joaquín Piquerez,Uruguay,MID,19,,Group H
Fernando Muslera,Uruguay,GK,134,,Group H
Santiago Bueno,Uruguay,DEF,8,,Group H
Juan Manuel Sanabria,Uruguay,MID,5,,Group H
Rodrigo Zalazar,Uruguay,MID,8,,Group H
Brice Samba,France,GK,4,,Group I
Malo Gusto,France,DEF,11,,Group I
Lucas Digne,France,DEF,58,,Group I
Dayot Upamecano,France,DEF,38,,Group I
Jules Koundé,France,DEF,48,,Group I
Manu Koné,France,MID,14,,Group I
Ousmane Dembélé,France,FWD,59,,Group I
Aurélien Tchouaméni,France,MID,46,,Group I
Marcus Thuram,France,FWD,34,,Group I
Kylian Mbappé,France,FWD,98,,Group I
Michael Olise,France,FWD,17,,Group I
Bradley Barcola,France,FWD,20,,Group I
N'Golo Kanté,France,MID,69,,Group I
Adrien Rabiot,France,MID,59,,Group I
Ibrahima Konaté,France,DEF,28,,Group I
Mike Maignan,France,GK,40,,Group I
William Saliba,France,DEF,32,,Group I
Warren Zaïre-Emery,France,MID,11,,Group I
Théo Hernandez,France,DEF,44,,Group I
Désiré Doué,France,FWD,7,,Group I
Lucas Hernandez,France,DEF,42,,Group I
Jean-Philippe Mateta,France,FWD,4,,Group I
Robin Risser,France,GK,0,,Group I
Rayan Cherki,France,MID,7,,Group I
Maghnes Akliouche,France,MID,9,,Group I
Maxence Lacroix,France,DEF,4,,Group I
Fahad Talib,Iraq,GK,21,,Group I
Rebin Sulaka,Iraq,DEF,56,,Group I
Hussein Ali,Iraq,DEF,27,,Group I
Zaid Tahseen,Iraq,DEF,28,,Group I
Akam Hashim,Iraq,DEF,14,,Group I
Manaf Younis,Iraq,DEF,34,,Group I
Youssef Amyn,Iraq,MID,27,,Group I
Ibrahim Bayesh,Iraq,MID,76,,Group I
Ali Al-Hamadi,Iraq,FWD,20,,Group I
Mohanad Ali,Iraq,FWD,72,,Group I
Ahmed Qasem,Iraq,FWD,3,,Group I
Jalal Hassan,Iraq,GK,102,,Group I
Ali Yousif,Iraq,FWD,7,,Group I
Zidane Iqbal,Iraq,MID,25,,Group I
Ahmed Maknzi,Iraq,DEF,7,,Group I
Amir Al-Ammari,Iraq,MID,51,,Group I
Ali Jasim,Iraq,FWD,36,,Group I
Aymen Hussein,Iraq,FWD,95,,Group I
Kevin Yakob,Iraq,MID,9,,Group I
Aimar Sher,Iraq,MID,7,,Group I
Marko Farji,Iraq,FWD,12,,Group I
Ahmed Basil,Iraq,GK,16,,Group I
Merchas Doski,Iraq,DEF,31,,Group I
Zaid Ismail,Iraq,MID,6,,Group I
Mustafa Saadoon,Iraq,DEF,17,,Group I
Frans Putros,Iraq,DEF,28,,Group I
Ørjan Nyland,Norway,GK,71,,Group I
Morten Thorsby,Norway,MID,31,,Group I
Kristoffer Ajer,Norway,DEF,52,,Group I
Leo Østigård,Norway,DEF,38,,Group I
David Møller Wolfe,Norway,DEF,22,,Group I
Patrick Berg,Norway,MID,43,,Group I
Alexander Sørloth,Norway,FWD,72,,Group I
Sander Berge,Norway,MID,66,,Group I
Erling Haaland,Norway,FWD,50,,Group I
Martin Ødegaard,Norway,MID,68,,Group I
Jørgen Strand Larsen,Norway,FWD,28,,Group I
Sander Tangvik,Norway,GK,0,,Group I
Egil Selvik,Norway,GK,7,,Group I
Fredrik Aursnes,Norway,MID,22,,Group I
Fredrik André Bjørkan,Norway,DEF,21,,Group I
Marcus Holmgren Pedersen,Norway,DEF,32,,Group I
Torbjørn Heggem,Norway,DEF,15,,Group I
Kristian Thorstvedt,Norway,MID,37,,Group I
Thelo Aasgaard,Norway,MID,8,,Group I
Antonio Nusa,Norway,FWD,24,,Group I
Andreas Schjelderup,Norway,MID,12,,Group I
Oscar Bobb,Norway,MID,20,,Group I
Jens Petter Hauge,Norway,MID,15,,Group I
Sondre Langås,Norway,DEF,3,,Group I
Henrik Falchener,Norway,DEF,1,,Group I
Julian Ryerson,Norway,FWD,43,,Group I
Yehvann Diouf,Senegal,GK,2,,Group I
Mamadou Sarr,Senegal,DEF,8,,Group I
Kalidou Koulibaly,Senegal,DEF,103,,Group I
Abdoulaye Seck,Senegal,DEF,22,,Group I
Idrissa Gueye,Senegal,MID,131,,Group I
Pathé Ciss,Senegal,MID,30,,Group I
Assane Diao,Senegal,FWD,5,,Group I
Lamine Camara,Senegal,MID,33,,Group I
Bamba Dieng,Senegal,FWD,23,,Group I
Sadio Mané,Senegal,FWD,128,,Group I
Nicolas Jackson,Senegal,FWD,33,,Group I
Cherif Ndiaye,Senegal,FWD,19,,Group I
Iliman Ndiaye,Senegal,FWD,40,,Group I
Ismail Jakobs,Senegal,DEF,30,,Group I
Krépin Diatta,Senegal,DEF,61,,Group I
Édouard Mendy,Senegal,GK,57,,Group I
Pape Matar Sarr,Senegal,MID,40,,Group I
Ismaïla Sarr,Senegal,FWD,83,,Group I
Moussa Niakhaté,Senegal,DEF,31,,Group I
Ibrahim Mbaye,Senegal,FWD,11,,Group I
Habib Diarra,Senegal,MID,21,,Group I
Bara Sapoko Ndiaye,Senegal,MID,1,,Group I
Mory Diaw,Senegal,GK,5,,Group I
Antoine Mendy,Senegal,DEF,7,,Group I
El Hadji Malick Diouf,Senegal,DEF,20,,Group I
Pape Gueye,Senegal,MID,41,,Group I
Melvin Mastil,Algeria,GK,3,,Group J
Aïssa Mandi,Algeria,DEF,120,,Group J
Achref Abada,Algeria,DEF,9,,Group J
Mohamed Amine Tougai,Algeria,DEF,31,,Group J
Zineddine Belaïd,Algeria,DEF,13,,Group J
Ramiz Zerrouki,Algeria,MID,54,,Group J
Riyad Mahrez,Algeria,FWD,117,,Group J
Houssem Aouar,Algeria,MID,23,,Group J
Amine Gouiri,Algeria,FWD,24,,Group J
Farès Chaïbi,Algeria,MID,32,,Group J
Anis Hadj Moussa,Algeria,FWD,16,,Group J
Nadhir Benbouali,Algeria,FWD,5,,Group J
Jaouen Hadjam,Algeria,DEF,19,,Group J
Hicham Boudaoui,Algeria,MID,35,,Group J
Rayan Aït-Nouri,Algeria,DEF,31,,Group J
Oussama Benbot,Algeria,GK,4,,Group J
Rafik Belghali,Algeria,DEF,14,,Group J
Mohamed Amoura,Algeria,FWD,48,,Group J
Nabil Bentaleb,Algeria,MID,62,,Group J
Adil Boulbina,Algeria,FWD,11,,Group J
Ramy Bensebaini,Algeria,DEF,82,,Group J
Ibrahim Maza,Algeria,MID,18,,Group J
Luca Zidane,Algeria,GK,7,,Group J
Yacine Titraoui,Algeria,MID,5,,Group J
Farès Ghedjemis,Algeria,FWD,1,,Group J
Samir Chergui,Algeria,DEF,6,,Group J
Juan Musso,Argentina,GK,4,,Group J
Marcos Senesi,Argentina,DEF,3,,Group J
Nicolás Tagliafico,Argentina,DEF,76,,Group J
Gonzalo Montiel,Argentina,DEF,39,,Group J
Leandro Paredes,Argentina,MID,77,,Group J
Lisandro Martínez,Argentina,DEF,28,,Group J
Rodrigo De Paul,Argentina,MID,87,,Group J
Valentín Barco,Argentina,MID,4,,Group J
Julián Alvarez,Argentina,FWD,51,,Group J
Lionel Messi,Argentina,FWD,199,,Group J
Giovani Lo Celso,Argentina,MID,67,,Group J
Gerónimo Rulli,Argentina,GK,8,,Group J
Cristian Romero,Argentina,DEF,51,,Group J
Exequiel Palacios,Argentina,MID,40,,Group J
Nicolás González,Argentina,MID,51,,Group J
Thiago Almada,Argentina,FWD,16,,Group J
Giuliano Simeone,Argentina,FWD,13,,Group J
Nico Paz,Argentina,FWD,9,,Group J
Nicolás Otamendi,Argentina,DEF,132,,Group J
Alexis Mac Allister,Argentina,MID,46,,Group J
José Manuel López,Argentina,FWD,5,,Group J
Lautaro Martínez,Argentina,FWD,77,,Group J
Emiliano Martínez,Argentina,GK,59,,Group J
Enzo Fernández,Argentina,MID,42,,Group J
Facundo Medina,Argentina,DEF,9,,Group J
Nahuel Molina,Argentina,DEF,58,,Group J
Alexander Schlager,Austria,GK,26,,Group J
David Affengruber,Austria,DEF,1,,Group J
Kevin Danso,Austria,DEF,32,,Group J
Xaver Schlager,Austria,MID,51,,Group J
Stefan Posch,Austria,DEF,52,,Group J
Nicolas Seiwald,Austria,MID,47,,Group J
Marko Arnautović,Austria,FWD,133,,Group J
David Alaba,Austria,DEF,113,,Group J
Marcel Sabitzer,Austria,MID,98,,Group J
Florian Grillitsch,Austria,MID,58,,Group J
Michael Gregoritsch,Austria,FWD,75,,Group J
Florian Wiegele,Austria,GK,1,,Group J
Patrick Pentz,Austria,GK,18,,Group J
Saša Kalajdžić,Austria,FWD,22,,Group J
Philipp Lienhart,Austria,DEF,41,,Group J
Phillipp Mwene,Austria,DEF,30,,Group J
Carney Chukwuemeka,Austria,MID,3,,Group J
Romano Schmid,Austria,MID,34,,Group J
Dejan Ljubičić,Austria,MID,9,,Group J
Konrad Laimer,Austria,MID,57,,Group J
Patrick Wimmer,Austria,FWD,30,,Group J
Alexander Prass,Austria,MID,19,,Group J
Marco Friedl,Austria,DEF,11,,Group J
Paul Wanner,Austria,MID,3,,Group J
Michael Svoboda,Austria,DEF,4,,Group J
Alessandro Schöpf,Austria,MID,35,,Group J
Yazeed Abulaila,Jordan,GK,76,,Group J
Mohammad Abu Hashish,Jordan,DEF,56,,Group J
Abdallah Nasib,Jordan,DEF,65,,Group J
Husam Abu Dahab,Jordan,DEF,18,,Group J
Yazan Al-Arab,Jordan,DEF,80,,Group J
Amer Jamous,Jordan,MID,19,,Group J
Mohammad Abu Zrayq,Jordan,FWD,41,,Group J
Noor Al-Rawabdeh,Jordan,MID,68,,Group J
Ali Olwan,Jordan,FWD,66,,Group J
Musa Al-Taamari,Jordan,FWD,92,,Group J
Odeh Al-Fakhouri,Jordan,FWD,10,,Group J
Nour Bani Attiah,Jordan,GK,5,,Group J
Mahmoud Al-Mardi,Jordan,FWD,89,,Group J
Rajaei Ayed,Jordan,MID,72,,Group J
Ibrahim Sadeh,Jordan,MID,57,,Group J
Mo Abualnadi,Jordan,DEF,18,,Group J
Salim Obaid,Jordan,DEF,11,,Group J
Mohammad Taha,Jordan,MID,2,,Group J
Saed Al-Rosan,Jordan,DEF,21,,Group J
Mohannad Abu Taha,Jordan,MID,29,,Group J
Nizar Al-Rashdan,Jordan,MID,47,,Group J
Abdallah Al-Fakhouri,Jordan,GK,11,,Group J
Ihsan Haddad,Jordan,DEF,92,,Group J
Ali Azaizeh,Jordan,FWD,4,,Group J
Mohammad Al-Dawoud,Jordan,MID,13,,Group J
Anas Badawi,Jordan,DEF,1,,Group J
David Ospina,Colombia,GK,130,,Group K
Daniel Muñoz,Colombia,DEF,46,,Group K
Jhon Lucumí,Colombia,DEF,37,,Group K
Santiago Arias,Colombia,DEF,68,,Group K
Kevin Castaño,Colombia,MID,25,,Group K
Richard Ríos,Colombia,MID,32,,Group K
Luis Díaz,Colombia,FWD,74,,Group K
Jorge Carrascal,Colombia,MID,24,,Group K
Jhon Córdoba,Colombia,FWD,21,,Group K
James Rodríguez,Colombia,MID,126,,Group K
Jhon Arias,Colombia,MID,38,,Group K
Camilo Vargas,Colombia,GK,42,,Group K
Yerry Mina,Colombia,DEF,54,,Group K
Gustavo Puerta,Colombia,DEF,6,,Group K
Juan Portilla,Colombia,MID,10,,Group K
Jefferson Lerma,Colombia,MID,65,,Group K
Johan Mojica,Colombia,DEF,45,,Group K
Willer Ditta,Colombia,DEF,5,,Group K
Cucho Hernández,Colombia,FWD,9,,Group K
Juan Fernando Quintero,Colombia,MID,49,,Group K
Jaminton Campaz,Colombia,FWD,10,,Group K
Deiver Machado,Colombia,DEF,15,,Group K
Davinson Sánchez,Colombia,DEF,79,,Group K
Álvaro Montero,Colombia,GK,12,,Group K
Luis Suárez,Colombia,FWD,12,,Group K
Andrés Gómez,Colombia,FWD,8,,Group K
Lionel Mpasi,DR Congo,GK,29,,Group K
Aaron Wan-Bissaka,DR Congo,DEF,12,,Group K
Steve Kapuadi,DR Congo,DEF,4,,Group K
Axel Tuanzebe,DR Congo,DEF,14,,Group K
Dylan Batubinsika,DR Congo,DEF,14,,Group K
Ngal'ayel Mukau,DR Congo,MID,14,,Group K
Nathanaël Mbuku,DR Congo,MID,19,,Group K
Samuel Moutoussamy,DR Congo,MID,58,,Group K
Brian Cipenga,DR Congo,FWD,8,,Group K
Théo Bongonda,DR Congo,MID,38,,Group K
Gaël Kakuta,DR Congo,FWD,31,,Group K
Joris Kayembe,DR Congo,DEF,26,,Group K
Meschak Elia,DR Congo,FWD,69,,Group K
Noah Sadiki,DR Congo,MID,20,,Group K
Aaron Tshibola,DR Congo,MID,17,,Group K
Timothy Fayulu,DR Congo,GK,3,,Group K
Cédric Bakambu,DR Congo,FWD,70,,Group K
Charles Pickel,DR Congo,MID,34,,Group K
Fiston Mayele,DR Congo,FWD,37,,Group K
Yoane Wissa,DR Congo,FWD,38,,Group K
Matthieu Epolo,DR Congo,GK,1,,Group K
Chancel Mbemba,DR Congo,DEF,109,,Group K
Simon Banza,DR Congo,FWD,15,,Group K
Gédéon Kalulu,DR Congo,DEF,28,,Group K
Edo Kayembe,DR Congo,MID,43,,Group K
Arthur Masuaku,DR Congo,DEF,45,,Group K
Diogo Costa,Portugal,GK,43,,Group K
Nélson Semedo,Portugal,DEF,50,,Group K
Rúben Dias,Portugal,DEF,76,,Group K
Tomás Araújo,Portugal,DEF,5,,Group K
Diogo Dalot,Portugal,DEF,35,,Group K
Matheus Nunes,Portugal,MID,20,,Group K
Cristiano Ronaldo,Portugal,FWD,228,,Group K
Bruno Fernandes,Portugal,MID,89,,Group K
Gonçalo Ramos,Portugal,FWD,25,,Group K
Bernardo Silva,Portugal,MID,109,,Group K
João Félix,Portugal,FWD,54,,Group K
José Sá,Portugal,GK,5,,Group K
Renato Veiga,Portugal,DEF,13,,Group K
Gonçalo Inácio,Portugal,DEF,22,,Group K
João Neves,Portugal,MID,22,,Group K
Francisco Trincão,Portugal,FWD,18,,Group K
Rafael Leão,Portugal,FWD,44,,Group K
Pedro Neto,Portugal,FWD,25,,Group K
Gonçalo Guedes,Portugal,FWD,34,,Group K
João Cancelo,Portugal,DEF,68,,Group K
Rúben Neves,Portugal,MID,67,,Group K
Rui Silva,Portugal,GK,3,,Group K
Vitinha,Portugal,MID,38,,Group K
Samú Costa,Portugal,DEF,6,,Group K
Nuno Mendes,Portugal,DEF,44,,Group K
Francisco Conceição,Portugal,FWD,17,,Group K
Utkir Yusupov,Uzbekistan,GK,40,,Group K
Abdukodir Khusanov,Uzbekistan,DEF,27,,Group K
Khojiakbar Alijonov,Uzbekistan,DEF,40,,Group K
Farrukh Sayfiev,Uzbekistan,DEF,46,,Group K
Rustam Ashurmatov,Uzbekistan,DEF,49,,Group K
Akmal Mozgovoy,Uzbekistan,MID,25,,Group K
Otabek Shukurov,Uzbekistan,MID,84,,Group K
Jamshid Iskanderov,Uzbekistan,MID,38,,Group K
Odiljon Hamrobekov,Uzbekistan,MID,72,,Group K
Jaloliddin Masharipov,Uzbekistan,MID,74,,Group K
Oston Urunov,Uzbekistan,MID,42,,Group K
Abduvohid Nematov,Uzbekistan,GK,8,,Group K
Sherzod Nasrullaev,Uzbekistan,DEF,31,,Group K
Eldor Shomurodov,Uzbekistan,FWD,92,,Group K
Umar Eshmurodov,Uzbekistan,DEF,29,,Group K
Botirali Ergashev,Uzbekistan,GK,2,,Group K
Dostonbek Khamdamov,Uzbekistan,MID,34,,Group K
Abdulla Abdullaev,Uzbekistan,DEF,17,,Group K
Azizjon Ganiev,Uzbekistan,MID,19,,Group K
Azizbek Amonov,Uzbekistan,FWD,12,,Group K
Igor Sergeev,Uzbekistan,FWD,83,,Group K
Abbosbek Fayzullaev,Uzbekistan,MID,32,,Group K
Sherzod Esanov,Uzbekistan,MID,1,,Group K
Bekhruz Karimov,Uzbekistan,DEF,2,,Group K
Avazbek Ulmasaliev,Uzbekistan,DEF,0,,Group K
Jakhongir Urozov,Uzbekistan,DEF,4,,Group K
Dominik Livaković,Croatia,GK,75,,Group L
Josip Stanišić,Croatia,DEF,31,,Group L
Marin Pongračić,Croatia,DEF,20,,Group L
Joško Gvardiol,Croatia,DEF,48,,Group L
Duje Ćaleta-Car,Croatia,DEF,38,,Group L
Josip Šutalo,Croatia,DEF,33,,Group L
Nikola Moro,Croatia,MID,10,,Group L
Mateo Kovačić,Croatia,MID,113,,Group L
Andrej Kramarić,Croatia,FWD,116,,Group L
Luka Modrić,Croatia,MID,198,,Group L
Ante Budimir,Croatia,FWD,38,,Group L
Ivor Pandur,Croatia,GK,0,,Group L
Nikola Vlašić,Croatia,MID,63,,Group L
Ivan Perišić,Croatia,FWD,154,,Group L
Mario Pašalić,Croatia,MID,85,,Group L
Martin Baturina,Croatia,MID,19,,Group L
Petar Sučić,Croatia,MID,17,,Group L
Kristijan Jakić,Croatia,DEF,17,,Group L
Toni Fruk,Croatia,MID,7,,Group L
Igor Matanović,Croatia,FWD,9,,Group L
Luka Sučić,Croatia,MID,21,,Group L
Luka Vušković,Croatia,DEF,5,,Group L
Dominik Kotarski,Croatia,GK,4,,Group L
Marco Pašalić,Croatia,FWD,15,,Group L
Martin Erlić,Croatia,DEF,13,,Group L
Petar Musa,Croatia,FWD,11,,Group L
Jordan Pickford,England,GK,84,,Group L
Ezri Konsa,England,DEF,20,,Group L
Nico O'Reilly,England,DEF,5,,Group L
Declan Rice,England,MID,73,,Group L
John Stones,England,DEF,89,,Group L
Marc Guéhi,England,DEF,29,,Group L
Bukayo Saka,England,FWD,49,,Group L
Elliot Anderson,England,MID,9,,Group L
Harry Kane,England,FWD,114,,Group L
Jude Bellingham,England,MID,48,,Group L
Marcus Rashford,England,FWD,72,,Group L
Tino Livramento,England,DEF,6,,Group L
Dean Henderson,England,GK,5,,Group L
Jordan Henderson,England,MID,90,,Group L
Dan Burn,England,DEF,8,,Group L
Kobbie Mainoo,England,MID,14,,Group L
Morgan Rogers,England,MID,15,,Group L
Anthony Gordon,England,FWD,19,,Group L
Ollie Watkins,England,FWD,22,,Group L
Noni Madueke,England,FWD,11,,Group L
Eberechi Eze,England,MID,17,,Group L
Ivan Toney,England,FWD,8,,Group L
James Trafford,England,GK,2,,Group L
Reece James,England,DEF,24,,Group L
Djed Spence,England,DEF,6,,Group L
Jarell Quansah,England,DEF,3,,Group L
Lawrence Ati-Zigi,Ghana,GK,29,,Group L
Alidu Seidu,Ghana,DEF,24,,Group L
Caleb Yirenkyi,Ghana,MID,11,,Group L
Jonas Adjetey,Ghana,DEF,10,,Group L
Thomas Partey,Ghana,MID,57,,Group L
Abdul Mumin,Ghana,DEF,5,,Group L
Abdul Fatawu,Ghana,FWD,28,,Group L
Kwasi Sibo,Ghana,MID,8,,Group L
Jordan Ayew,Ghana,FWD,120,,Group L
Brandon Thomas-Asante,Ghana,FWD,8,,Group L
Antoine Semenyo,Ghana,MID,34,,Group L
Joseph Anang,Ghana,GK,1,,Group L
Christopher Bonsu Baah,Ghana,FWD,9,,Group L
Gideon Mensah,Ghana,DEF,40,,Group L
Elisha Owusu,Ghana,MID,20,,Group L
Benjamin Asare,Ghana,GK,11,,Group L
Abdul Rahman Baba,Ghana,DEF,51,,Group L
Jerome Opoku,Ghana,DEF,11,,Group L
Iñaki Williams,Ghana,FWD,26,,Group L
Augustine Boakye,Ghana,MID,0,,Group L
Kojo Peprah Oppong,Ghana,DEF,4,,Group L
Kamaldeen Sulemana,Ghana,FWD,28,,Group L
Derrick Luckassen,Ghana,DEF,1,,Group L
Ernest Nuamah,Ghana,FWD,18,,Group L
Prince Kwabena Adu,Ghana,FWD,5,,Group L
Marvin Senaya,Ghana,DEF,2,,Group L
Luis Mejía,Panama,GK,56,,Group L
César Blackman,Panama,DEF,40,,Group L
José Córdoba,Panama,DEF,32,,Group L
Fidel Escobar,Panama,DEF,99,,Group L
Edgardo Fariña,Panama,DEF,18,,Group L
Cristian Martínez,Panama,MID,66,,Group L
José Luis Rodríguez,Panama,MID,70,,Group L
Adalberto Carrasquilla,Panama,MID,73,,Group L
Tomás Rodríguez,Panama,FWD,13,,Group L
Ismael Díaz,Panama,MID,57,,Group L
Yoel Bárcenas,Panama,MID,104,,Group L
César Samudio,Panama,GK,5,,Group L
Jiovany Ramos,Panama,DEF,23,,Group L
Carlos Harvey,Panama,DEF,28,,Group L
Eric Davis,Panama,DEF,107,,Group L
Andrés Andrade,Panama,DEF,50,,Group L
José Fajardo,Panama,FWD,68,,Group L
Cecilio Waterman,Panama,FWD,55,,Group L
Alberto Quintero,Panama,MID,141,,Group L
Aníbal Godoy,Panama,MID,159,,Group L
César Yanis,Panama,MID,56,,Group L
Orlando Mosquera,Panama,GK,48,,Group L
Michael Amir Murillo,Panama,DEF,94,,Group L
Azarias Londoño,Panama,FWD,11,,Group L
Roderick Miller,Panama,DEF,50,,Group L
Jorge Gutiérrez,Panama,DEF,18,,Group L
